dataset,dataset_type,scenario,model,horizon,n,mae,rmse,crps_approx,coverage95,mean_interval_width,calibration_error,failed_predictions
sample_observations,observed,prior_10_12_with_killer,llambo_style,1,1,0.3017,0.3017,0.5533,1.0000,9.0160,0.2778,0
sample_observations,observed,prior_3_5_with_killer,llambo_style,1,1,0.3017,0.3017,0.8422,1.0000,13.9552,0.2778,0
sample_observations,observed,prior_7_8_no_killer,llambo_style,1,1,0.9068,0.9068,0.7958,1.0000,11.4856,0.3000,0
sample_observations,observed,prior_7_8_with_killer,gp_surrogate,1,1,4.5000,4.5000,3.3886,0.0000,7.8400,0.5000,0
sample_observations,observed,prior_7_8_with_killer,linear_trend,1,1,4.5000,4.5000,3.3886,0.0000,7.8400,0.5000,0
sample_observations,observed,prior_7_8_with_killer,llambo_style,1,1,0.3017,0.3017,0.6971,1.0000,11.4856,0.2778,0
sample_observations,observed,prior_7_8_with_killer,logistic_scurve,1,0,,,,,,,1
sample_observations,observed,prior_7_8_with_killer,persistence,1,1,4.5000,4.5000,3.3886,0.0000,7.8400,0.5000,0
synthetic_clean,synthetic,prior_10_12_with_killer,llambo_style,1,24,1.5260,2.3312,1.3103,0.8750,10.2508,0.1389,0
synthetic_clean,synthetic,prior_10_12_with_killer,llambo_style,2,23,2.5921,3.9727,2.1609,0.8261,10.4532,0.1522,0
synthetic_clean,synthetic,prior_10_12_with_killer,llambo_style,3,22,3.3084,5.0057,2.7562,0.7727,9.8887,0.1768,0
synthetic_clean,synthetic,prior_10_12_with_killer,llambo_style,4,21,3.6667,5.5345,3.1057,0.6667,9.4178,0.1772,0
synthetic_clean,synthetic,prior_10_12_with_killer,llambo_style,5,20,3.6946,5.6848,3.2216,0.6500,8.7549,0.1667,0
synthetic_clean,synthetic,prior_10_12_with_killer,llambo_style,6,19,3.7517,5.6339,3.2230,0.6316,8.0611,0.1901,0
synthetic_clean,synthetic,prior_3_5_with_killer,llambo_style,1,24,1.5733,2.3402,1.3620,1.0000,13.9552,0.1620,0
synthetic_clean,synthetic,prior_3_5_with_killer,llambo_style,2,23,2.7189,3.9983,2.1223,0.8696,14.3421,0.1860,0
synthetic_clean,synthetic,prior_3_5_with_killer,llambo_style,3,22,3.5048,5.0504,2.6823,0.8636,13.9489,0.2222,0
synthetic_clean,synthetic,prior_3_5_with_killer,llambo_style,4,21,3.9558,5.6036,3.0259,0.8095,13.4606,0.2354,0
synthetic_clean,synthetic,prior_3_5_with_killer,llambo_style,5,20,4.1321,5.7870,3.1790,0.8000,12.9602,0.2500,0
synthetic_clean,synthetic,prior_3_5_with_killer,llambo_style,6,19,4.0966,5.7317,3.1850,0.7895,12.4583,0.2602,0
synthetic_clean,synthetic,prior_7_8_no_killer,llambo_style,1,24,1.9034,2.8036,1.5211,0.9167,11.4856,0.1944,0
synthetic_clean,synthetic,prior_7_8_no_killer,llambo_style,2,23,3.2921,4.7854,2.5837,0.8261,11.7258,0.2536,0
synthetic_clean,synthetic,prior_7_8_no_killer,llambo_style,3,22,4.2156,6.0468,3.3608,0.7727,11.3153,0.2879,0
synthetic_clean,synthetic,prior_7_8_no_killer,llambo_style,4,21,4.7569,6.7167,3.8374,0.6667,10.8249,0.2989,0
synthetic_clean,synthetic,prior_7_8_no_killer,llambo_style,5,20,4.9746,6.9490,4.0584,0.6500,10.3243,0.3056,0
synthetic_clean,synthetic,prior_7_8_no_killer,llambo_style,6,19,4.9594,6.9016,4.0911,0.6316,9.8224,0.3246,0
synthetic_clean,synthetic,prior_7_8_with_killer,gp_surrogate,1,24,2.0412,2.1167,1.3262,0.8750,8.5467,0.3565,0
synthetic_clean,synthetic,prior_7_8_with_killer,gp_surrogate,2,23,5.4611,5.5506,3.7224,0.7391,16.6906,0.4179,0
synthetic_clean,synthetic,prior_7_8_with_killer,gp_surrogate,3,22,10.3289,10.4382,7.3440,0.6364,25.5612,0.4596,0
synthetic_clean,synthetic,prior_7_8_with_killer,gp_surrogate,4,21,15.8769,16.0111,11.7584,0.4762,32.4874,0.4683,0
synthetic_clean,synthetic,prior_7_8_with_killer,gp_surrogate,5,20,21.2201,21.3733,16.3390,0.3500,36.6812,0.4833,0
synthetic_clean,synthetic,prior_7_8_with_killer,gp_surrogate,6,19,25.7540,25.9114,20.5282,0.2632,38.1303,0.5000,0
synthetic_clean,synthetic,prior_7_8_with_killer,linear_trend,1,24,3.8041,4.7250,2.9452,0.5000,7.5191,0.1444,0
synthetic_clean,synthetic,prior_7_8_with_killer,linear_trend,2,23,4.6978,5.5830,3.6096,0.5652,9.8858,0.1444,0
synthetic_clean,synthetic,prior_7_8_with_killer,linear_trend,3,22,5.5866,6.4201,4.3483,0.5000,11.4927,0.1495,0
synthetic_clean,synthetic,prior_7_8_with_killer,linear_trend,4,21,6.4622,7.2773,5.0976,0.5238,12.6850,0.1444,0
synthetic_clean,synthetic,prior_7_8_with_killer,linear_trend,5,20,7.3169,8.1670,5.8357,0.6000,13.6406,0.1389,0
synthetic_clean,synthetic,prior_7_8_with_killer,linear_trend,6,19,8.1352,9.0563,6.5418,0.6842,14.3856,0.1503,0
synthetic_clean,synthetic,prior_7_8_with_killer,llambo_style,1,24,1.5733,2.3402,1.2940,0.9583,11.4856,0.1639,0
synthetic_clean,synthetic,prior_7_8_with_killer,llambo_style,2,23,2.7189,3.9983,2.1087,0.8696,11.7258,0.2150,0
synthetic_clean,synthetic,prior_7_8_with_killer,llambo_style,3,22,3.5048,5.0504,2.7098,0.8182,11.3153,0.2323,0
synthetic_clean,synthetic,prior_7_8_with_killer,llambo_style,4,21,3.9558,5.6036,3.0828,0.7619,10.8249,0.2566,0
synthetic_clean,synthetic,prior_7_8_with_killer,llambo_style,5,20,4.1321,5.7870,3.2533,0.7000,10.3243,0.2778,0
synthetic_clean,synthetic,prior_7_8_with_killer,llambo_style,6,19,4.0966,5.7317,3.2652,0.6842,9.8224,0.2661,0
synthetic_clean,synthetic,prior_7_8_with_killer,logistic_scurve,1,24,3.0285,3.5033,2.1671,0.7917,10.5294,0.2639,0
synthetic_clean,synthetic,prior_7_8_with_killer,logistic_scurve,2,23,3.7442,4.3169,2.7977,0.6957,11.6696,0.2826,0
synthetic_clean,synthetic,prior_7_8_with_killer,logistic_scurve,3,22,4.6014,5.2440,3.5230,0.7273,12.6453,0.3182,0
synthetic_clean,synthetic,prior_7_8_with_killer,logistic_scurve,4,21,5.4467,6.2556,4.3113,0.6667,13.4068,0.3148,0
synthetic_clean,synthetic,prior_7_8_with_killer,logistic_scurve,5,20,6.2361,7.3127,5.1177,0.6000,13.9855,0.3222,0
synthetic_clean,synthetic,prior_7_8_with_killer,logistic_scurve,6,19,7.0672,8.3771,5.9214,0.5789,14.4576,0.3304,0
synthetic_clean,synthetic,prior_7_8_with_killer,persistence,1,24,1.9394,2.2737,1.5395,0.3750,3.9368,0.3981,0
synthetic_clean,synthetic,prior_7_8_with_killer,persistence,2,23,3.9420,4.6037,3.3384,0.3043,5.5297,0.4130,0
synthetic_clean,synthetic,prior_7_8_with_killer,persistence,3,22,6.0069,6.9687,5.2355,0.2727,6.7218,0.4242,0
synthetic_clean,synthetic,prior_7_8_with_killer,persistence,4,21,8.1293,9.3433,7.1927,0.2381,7.7043,0.4365,0
synthetic_clean,synthetic,prior_7_8_with_killer,persistence,5,20,10.2954,11.6985,9.1931,0.2500,8.5628,0.4556,0
synthetic_clean,synthetic,prior_7_8_with_killer,persistence,6,19,12.4951,14.0085,11.2301,0.2105,9.3527,0.4766,0
synthetic_noisy,synthetic,prior_10_12_with_killer,llambo_style,1,24,2.4325,3.5166,1.8629,0.9167,10.2508,0.0741,0
synthetic_noisy,synthetic,prior_10_12_with_killer,llambo_style,2,23,2.6261,4.0376,2.1373,0.7826,10.2471,0.1377,0
synthetic_noisy,synthetic,prior_10_12_with_killer,llambo_style,3,22,3.1862,4.6572,2.6007,0.7727,9.8539,0.1717,0
synthetic_noisy,synthetic,prior_10_12_with_killer,llambo_style,4,21,3.5118,5.2399,2.9711,0.7143,9.4148,0.1825,0
synthetic_noisy,synthetic,prior_10_12_with_killer,llambo_style,5,20,3.7706,5.9598,3.2517,0.7000,8.9751,0.1889,0
synthetic_noisy,synthetic,prior_10_12_with_killer,llambo_style,6,19,3.7839,5.3910,3.1744,0.6842,8.5411,0.1784,0
synthetic_noisy,synthetic,prior_3_5_with_killer,llambo_style,1,24,2.4583,3.4978,1.8480,0.9167,13.9552,0.1009,0
synthetic_noisy,synthetic,prior_3_5_with_killer,llambo_style,2,23,2.7066,4.0660,2.1314,0.9130,14.3421,0.1715,0
synthetic_noisy,synthetic,prior_3_5_with_killer,llambo_style,3,22,3.2622,4.6595,2.4969,0.8636,13.9489,0.1919,0
synthetic_noisy,synthetic,prior_3_5_with_killer,llambo_style,4,21,3.5869,5.2548,2.8579,0.7619,13.4606,0.2196,0
synthetic_noisy,synthetic,prior_3_5_with_killer,llambo_style,5,20,3.8888,6.0173,3.1746,0.8000,12.9602,0.2500,0
synthetic_noisy,synthetic,prior_3_5_with_killer,llambo_style,6,19,3.8368,5.4023,3.0133,0.7895,12.4583,0.2485,0
synthetic_noisy,synthetic,prior_7_8_no_killer,llambo_style,1,24,2.6228,3.7805,1.9638,0.9167,11.4856,0.1389,0
synthetic_noisy,synthetic,prior_7_8_no_killer,llambo_style,2,23,3.2192,4.7238,2.5017,0.7826,11.7258,0.2198,0
synthetic_noisy,synthetic,prior_7_8_no_killer,llambo_style,3,22,3.9668,5.5680,3.1059,0.7727,11.3153,0.2778,0
synthetic_noisy,synthetic,prior_7_8_no_killer,llambo_style,4,21,4.4276,6.2967,3.5878,0.7143,10.8249,0.2884,0
synthetic_noisy,synthetic,prior_7_8_no_killer,llambo_style,5,20,4.8076,7.0982,4.0002,0.7000,10.3243,0.3056,0
synthetic_noisy,synthetic,prior_7_8_no_killer,llambo_style,6,19,4.7317,6.5217,3.8637,0.6842,9.8224,0.3421,0
synthetic_noisy,synthetic,prior_7_8_with_killer,gp_surrogate,1,24,3.8451,4.5566,2.7379,0.8750,14.7792,0.2454,0
synthetic_noisy,synthetic,prior_7_8_with_killer,gp_surrogate,2,23,6.8887,7.7594,4.7645,0.8261,23.3127,0.3696,0
synthetic_noisy,synthetic,prior_7_8_with_killer,gp_surrogate,3,22,12.1313,12.6450,8.4285,0.6364,32.0023,0.4343,0
synthetic_noisy,synthetic,prior_7_8_with_killer,gp_surrogate,4,21,17.3147,17.6944,12.4408,0.5238,38.3529,0.4735,0
synthetic_noisy,synthetic,prior_7_8_with_killer,gp_surrogate,5,20,21.8524,22.1693,16.2719,0.3500,41.8346,0.4889,0
synthetic_noisy,synthetic,prior_7_8_with_killer,gp_surrogate,6,19,26.1482,26.3097,20.2271,0.3158,43.0156,0.5000,0
synthetic_noisy,synthetic,prior_7_8_with_killer,linear_trend,1,24,3.9313,4.8416,2.9061,0.7500,10.0588,0.1139,0
synthetic_noisy,synthetic,prior_7_8_with_killer,linear_trend,2,23,4.3122,5.3059,3.0783,0.7826,13.6536,0.0807,0
synthetic_noisy,synthetic,prior_7_8_with_killer,linear_trend,3,22,4.6044,5.7234,3.3315,0.9091,16.2586,0.0576,0
synthetic_noisy,synthetic,prior_7_8_with_killer,linear_trend,4,21,5.1086,6.1650,3.6397,0.9048,18.3020,0.0429,0
synthetic_noisy,synthetic,prior_7_8_with_killer,linear_trend,5,20,5.7458,6.6349,3.9584,1.0000,20.0055,0.0722,0
synthetic_noisy,synthetic,prior_7_8_with_killer,linear_trend,6,19,6.1918,7.0703,4.2318,1.0000,21.5043,0.0614,0
synthetic_noisy,synthetic,prior_7_8_with_killer,llambo_style,1,24,2.4583,3.4978,1.8217,0.9167,11.4856,0.1019,0
synthetic_noisy,synthetic,prior_7_8_with_killer,llambo_style,2,23,2.7066,4.0660,2.1143,0.8696,11.7258,0.1763,0
synthetic_noisy,synthetic,prior_7_8_with_killer,llambo_style,3,22,3.2622,4.6595,2.5188,0.8182,11.3153,0.2172,0
synthetic_noisy,synthetic,prior_7_8_with_killer,llambo_style,4,21,3.5869,5.2548,2.8992,0.7619,10.8249,0.2354,0
synthetic_noisy,synthetic,prior_7_8_with_killer,llambo_style,5,20,3.8888,6.0173,3.2290,0.7000,10.3243,0.2556,0
synthetic_noisy,synthetic,prior_7_8_with_killer,llambo_style,6,19,3.8368,5.4023,3.0780,0.6842,9.8224,0.2661,0
synthetic_noisy,synthetic,prior_7_8_with_killer,logistic_scurve,1,24,2.6477,3.1282,1.8150,0.9583,12.9559,0.1435,0
synthetic_noisy,synthetic,prior_7_8_with_killer,logistic_scurve,2,23,2.9041,3.5424,2.0270,0.9565,14.5420,0.1937,0
synthetic_noisy,synthetic,prior_7_8_with_killer,logistic_scurve,3,22,3.3195,4.0718,2.3387,0.9091,15.8988,0.2071,0
synthetic_noisy,synthetic,prior_7_8_with_killer,logistic_scurve,4,21,3.9111,4.6461,2.7078,0.9048,17.2006,0.2302,0
synthetic_noisy,synthetic,prior_7_8_with_killer,logistic_scurve,5,20,4.4294,5.2688,3.0931,0.9000,18.3102,0.2167,0
synthetic_noisy,synthetic,prior_7_8_with_killer,logistic_scurve,6,19,4.9610,5.9613,3.5345,0.8421,19.3541,0.2602,0
synthetic_noisy,synthetic,prior_7_8_with_killer,persistence,1,24,2.9423,3.6255,2.0374,1.0000,16.1280,0.1713,0
synthetic_noisy,synthetic,prior_7_8_with_killer,persistence,2,23,4.0074,5.1440,2.8320,1.0000,22.9426,0.2295,0
synthetic_noisy,synthetic,prior_7_8_with_killer,persistence,3,22,6.0184,7.1618,4.0050,1.0000,28.1261,0.2828,0
synthetic_noisy,synthetic,prior_7_8_with_killer,persistence,4,21,7.9945,9.2020,5.2382,1.0000,32.3790,0.3148,0
synthetic_noisy,synthetic,prior_7_8_with_killer,persistence,5,20,9.7801,11.0968,6.4454,1.0000,36.1961,0.3444,0
synthetic_noisy,synthetic,prior_7_8_with_killer,persistence,6,19,12.0136,13.5079,8.0102,0.9474,39.8988,0.3596,0
synthetic_outlier,synthetic,prior_10_12_with_killer,llambo_style,1,24,4.4632,6.3615,3.5807,0.7500,10.2508,0.0880,0
synthetic_outlier,synthetic,prior_10_12_with_killer,llambo_style,2,23,4.4662,6.3965,3.6913,0.6087,10.2471,0.1444,0
synthetic_outlier,synthetic,prior_10_12_with_killer,llambo_style,3,22,4.9367,7.0069,4.0838,0.5909,9.8539,0.1323,0
synthetic_outlier,synthetic,prior_10_12_with_killer,llambo_style,4,21,5.5188,7.5804,4.6590,0.5714,9.4148,0.1635,0
synthetic_outlier,synthetic,prior_10_12_with_killer,llambo_style,5,20,5.1662,8.3434,4.5659,0.6000,8.9751,0.1833,0
synthetic_outlier,synthetic,prior_10_12_with_killer,llambo_style,6,19,4.8340,6.3000,4.0729,0.5789,8.2925,0.1667,0
synthetic_outlier,synthetic,prior_3_5_with_killer,llambo_style,1,24,4.4050,6.3195,3.4187,0.7500,13.9552,0.0889,0
synthetic_outlier,synthetic,prior_3_5_with_killer,llambo_style,2,23,4.3395,6.2826,3.3925,0.8261,14.3421,0.1570,0
synthetic_outlier,synthetic,prior_3_5_with_killer,llambo_style,3,22,4.8777,6.8566,3.7614,0.7727,13.9489,0.1515,0
synthetic_outlier,synthetic,prior_3_5_with_killer,llambo_style,4,21,5.1897,7.4154,4.1278,0.6190,13.4606,0.1984,0
synthetic_outlier,synthetic,prior_3_5_with_killer,llambo_style,5,20,5.0963,8.1193,4.1910,0.7500,12.9602,0.2333,0
synthetic_outlier,synthetic,prior_3_5_with_killer,llambo_style,6,19,4.8443,6.3016,3.7804,0.6842,12.4583,0.2485,0
synthetic_outlier,synthetic,prior_7_8_no_killer,llambo_style,1,24,4.5454,6.4601,3.5896,0.7500,11.4856,0.1259,0
synthetic_outlier,synthetic,prior_7_8_no_killer,llambo_style,2,23,4.7549,6.7442,3.7719,0.6522,11.7258,0.1957,0
synthetic_outlier,synthetic,prior_7_8_no_killer,llambo_style,3,22,5.3422,7.5620,4.3314,0.6818,11.3153,0.2222,0
synthetic_outlier,synthetic,prior_7_8_no_killer,llambo_style,4,21,5.8043,8.2866,4.8231,0.5714,10.8249,0.2566,0
synthetic_outlier,synthetic,prior_7_8_no_killer,llambo_style,5,20,5.9605,9.0876,5.0270,0.6500,10.3243,0.2944,0
synthetic_outlier,synthetic,prior_7_8_no_killer,llambo_style,6,19,5.6291,7.3604,4.6564,0.5789,9.8224,0.3246,0
synthetic_outlier,synthetic,prior_7_8_with_killer,gp_surrogate,1,24,6.1901,7.4948,4.4956,0.7500,19.7405,0.2130,0
synthetic_outlier,synthetic,prior_7_8_with_killer,gp_surrogate,2,23,8.3038,10.0828,6.0892,0.7826,27.2412,0.3116,0
synthetic_outlier,synthetic,prior_7_8_with_killer,gp_surrogate,3,22,12.8444,14.5212,9.3127,0.7273,34.7033,0.3939,0
synthetic_outlier,synthetic,prior_7_8_with_killer,gp_surrogate,4,21,17.9069,19.0330,12.9541,0.6667,40.3237,0.4577,0
synthetic_outlier,synthetic,prior_7_8_with_killer,gp_surrogate,5,20,22.2434,23.0265,16.5352,0.5000,43.4060,0.4667,0
synthetic_outlier,synthetic,prior_7_8_with_killer,gp_surrogate,6,19,26.2122,26.5020,20.1995,0.3158,43.8807,0.5000,0
synthetic_outlier,synthetic,prior_7_8_with_killer,linear_trend,1,24,4.9021,5.9174,3.5741,0.7500,14.6163,0.0833,0
synthetic_outlier,synthetic,prior_7_8_with_killer,linear_trend,2,23,5.2422,6.2309,3.6938,0.9130,19.6114,0.0565,0
synthetic_outlier,synthetic,prior_7_8_with_killer,linear_trend,3,22,5.5547,6.6810,3.9217,1.0000,23.0550,0.0525,0
synthetic_outlier,synthetic,prior_7_8_with_killer,linear_trend,4,21,6.2324,7.2292,4.2608,1.0000,25.5494,0.0481,0
synthetic_outlier,synthetic,prior_7_8_with_killer,linear_trend,5,20,7.1073,7.8463,4.7508,0.9500,27.5908,0.0556,0
synthetic_outlier,synthetic,prior_7_8_with_killer,linear_trend,6,19,7.0390,7.8686,4.7111,1.0000,29.2680,0.0579,0
synthetic_outlier,synthetic,prior_7_8_with_killer,llambo_style,1,24,4.4050,6.3195,3.4798,0.7500,11.4856,0.0935,0
synthetic_outlier,synthetic,prior_7_8_with_killer,llambo_style,2,23,4.3395,6.2826,3.4593,0.6957,11.7258,0.1667,0
synthetic_outlier,synthetic,prior_7_8_with_killer,llambo_style,3,22,4.8777,6.8566,3.8566,0.6818,11.3153,0.1717,0
synthetic_outlier,synthetic,prior_7_8_with_killer,llambo_style,4,21,5.1897,7.4154,4.2385,0.6190,10.8249,0.2037,0
synthetic_outlier,synthetic,prior_7_8_with_killer,llambo_style,5,20,5.0963,8.1193,4.2818,0.6500,10.3243,0.2333,0
synthetic_outlier,synthetic,prior_7_8_with_killer,llambo_style,6,19,4.8443,6.3016,3.9057,0.5789,9.8224,0.2602,0
synthetic_outlier,synthetic,prior_7_8_with_killer,logistic_scurve,1,24,4.1746,5.0033,2.9469,0.9167,18.2359,0.1306,0
synthetic_outlier,synthetic,prior_7_8_with_killer,logistic_scurve,2,23,4.3939,5.1589,3.0738,0.9130,20.1951,0.1425,0
synthetic_outlier,synthetic,prior_7_8_with_killer,logistic_scurve,3,22,4.5710,5.4295,3.2349,0.8636,21.9075,0.1616,0
synthetic_outlier,synthetic,prior_7_8_with_killer,logistic_scurve,4,21,5.1714,6.1546,3.6760,0.8571,23.3783,0.1667,0
synthetic_outlier,synthetic,prior_7_8_with_killer,logistic_scurve,5,20,5.7348,6.9508,4.2722,0.8500,24.7069,0.1889,0
synthetic_outlier,synthetic,prior_7_8_with_killer,logistic_scurve,6,19,5.7149,6.9649,4.1996,0.7895,25.8259,0.2251,0
synthetic_outlier,synthetic,prior_7_8_with_killer,persistence,1,24,4.9487,6.6594,3.7364,0.8750,24.4165,0.1157,0
synthetic_outlier,synthetic,prior_7_8_with_killer,persistence,2,23,5.4594,7.2282,4.1493,0.9565,33.1379,0.1483,0
synthetic_outlier,synthetic,prior_7_8_with_killer,persistence,3,22,7.3094,8.8214,5.1320,1.0000,39.8888,0.1869,0
synthetic_outlier,synthetic,prior_7_8_with_killer,persistence,4,21,8.4570,10.4820,6.0700,0.9524,45.2745,0.2354,0
synthetic_outlier,synthetic,prior_7_8_with_killer,persistence,5,20,9.9922,12.0116,7.1104,1.0000,49.9210,0.2556,0
synthetic_outlier,synthetic,prior_7_8_with_killer,persistence,6,19,12.0926,14.3124,8.5896,1.0000,53.3800,0.2778,0
sample_observations,observed,prior_10_12_with_killer,llambo_style,all,1,0.3017,0.3017,0.5533,1.0000,9.0160,0.2778,0
sample_observations,observed,prior_3_5_with_killer,llambo_style,all,1,0.3017,0.3017,0.8422,1.0000,13.9552,0.2778,0
sample_observations,observed,prior_7_8_no_killer,llambo_style,all,1,0.9068,0.9068,0.7958,1.0000,11.4856,0.3000,0
sample_observations,observed,prior_7_8_with_killer,gp_surrogate,all,1,4.5000,4.5000,3.3886,0.0000,7.8400,0.5000,0
sample_observations,observed,prior_7_8_with_killer,linear_trend,all,1,4.5000,4.5000,3.3886,0.0000,7.8400,0.5000,0
sample_observations,observed,prior_7_8_with_killer,llambo_style,all,1,0.3017,0.3017,0.6971,1.0000,11.4856,0.2778,0
sample_observations,observed,prior_7_8_with_killer,logistic_scurve,all,0,,,,,,,1
sample_observations,observed,prior_7_8_with_killer,persistence,all,1,4.5000,4.5000,3.3886,0.0000,7.8400,0.5000,0
synthetic_clean,synthetic,prior_10_12_with_killer,llambo_style,all,129,3.0326,4.7718,2.5789,0.7442,9.5351,0.1658,0
synthetic_clean,synthetic,prior_3_5_with_killer,llambo_style,all,129,3.2632,4.8334,2.5438,0.8605,13.5679,0.2132,0
synthetic_clean,synthetic,prior_7_8_no_killer,llambo_style,all,129,3.9361,5.7989,3.1733,0.7519,10.9668,0.2743,0
synthetic_clean,synthetic,prior_7_8_with_killer,gp_surrogate,all,129,12.7827,15.3738,9.6338,0.5736,25.5169,0.4440,0
synthetic_clean,synthetic,prior_7_8_with_killer,linear_trend,all,129,5.8827,6.9125,4.6312,0.5581,11.4201,0.1453,0
synthetic_clean,synthetic,prior_7_8_with_killer,llambo_style,all,129,3.2632,4.8334,2.5660,0.8062,10.9668,0.2321,0
synthetic_clean,synthetic,prior_7_8_with_killer,logistic_scurve,all,129,4.9101,5.9408,3.8703,0.6822,12.6763,0.3036,0
synthetic_clean,synthetic,prior_7_8_with_killer,persistence,all,129,6.8480,8.7952,6.0247,0.2791,6.8240,0.4320,0
synthetic_noisy,synthetic,prior_10_12_with_killer,llambo_style,all,129,3.1777,4.8128,2.6266,0.7674,9.5968,0.1529,0
synthetic_noisy,synthetic,prior_3_5_with_killer,llambo_style,all,129,3.2482,4.8305,2.5509,0.8450,13.5679,0.1925,0
synthetic_noisy,synthetic,prior_7_8_no_killer,llambo_style,all,129,3.9015,5.6969,3.1144,0.7674,10.9668,0.2571,0
synthetic_noisy,synthetic,prior_7_8_with_killer,gp_surrogate,all,129,14.0704,16.4616,10.3235,0.6047,31.4290,0.4121,0
synthetic_noisy,synthetic,prior_7_8_with_killer,linear_trend,all,129,4.9199,5.9449,3.4872,0.8837,16.3269,0.0609,0
synthetic_noisy,synthetic,prior_7_8_with_killer,llambo_style,all,129,3.2482,4.8305,2.5714,0.7984,10.9668,0.2046,0
synthetic_noisy,synthetic,prior_7_8_with_killer,logistic_scurve,all,129,3.6306,4.4652,2.5389,0.9147,16.2041,0.2054,0
synthetic_noisy,synthetic,prior_7_8_with_killer,persistence,all,129,6.8755,8.6983,4.5988,0.9922,28.6472,0.2786,0
synthetic_outlier,synthetic,prior_10_12_with_killer,llambo_style,all,129,4.8799,7.0136,4.0870,0.6202,9.5601,0.1376,0
synthetic_outlier,synthetic,prior_3_5_with_killer,llambo_style,all,129,4.7736,6.8925,3.7609,0.7364,13.5679,0.1744,0
synthetic_outlier,synthetic,prior_7_8_no_killer,llambo_style,all,129,5.3026,7.5887,4.3294,0.6512,10.9668,0.2304,0
synthetic_outlier,synthetic,prior_7_8_with_killer,gp_surrogate,all,129,15.0471,17.5830,11.1578,0.6357,34.2050,0.3829,0
synthetic_outlier,synthetic,prior_7_8_with_killer,linear_trend,all,129,5.9472,6.9441,4.1164,0.9302,22.8954,0.0445,0
synthetic_outlier,synthetic,prior_7_8_with_killer,llambo_style,all,129,4.7736,6.8925,3.8510,0.6667,10.9668,0.1830,0
synthetic_outlier,synthetic,prior_7_8_with_killer,logistic_scurve,all,129,4.9123,5.9356,3.5273,0.8682,22.1697,0.1658,0
synthetic_outlier,synthetic,prior_7_8_with_killer,persistence,all,129,7.8476,10.0630,5.6658,0.9612,40.2258,0.1977,0
__ALL_SYNTHETIC__,synthetic,prior_10_12_with_killer,llambo_style,1,72,2.8072,4.4072,2.2513,0.8472,10.2508,0.0972,0
__ALL_SYNTHETIC__,synthetic,prior_10_12_with_killer,llambo_style,2,69,3.2281,4.9329,2.6632,0.7391,10.3158,0.1425,0
__ALL_SYNTHETIC__,synthetic,prior_10_12_with_killer,llambo_style,3,66,3.8104,5.6522,3.1469,0.7121,9.8655,0.1582,0
__ALL_SYNTHETIC__,synthetic,prior_10_12_with_killer,llambo_style,4,63,4.2325,6.2061,3.5786,0.6508,9.4158,0.1684,0
__ALL_SYNTHETIC__,synthetic,prior_10_12_with_killer,llambo_style,5,60,4.2105,6.7688,3.6797,0.6500,8.9017,0.1796,0
__ALL_SYNTHETIC__,synthetic,prior_10_12_with_killer,llambo_style,6,57,4.1232,5.7877,3.4901,0.6316,8.2982,0.1784,0
__ALL_SYNTHETIC__,synthetic,prior_3_5_with_killer,llambo_style,1,72,2.8122,4.3836,2.2096,0.8889,13.9552,0.1080,0
__ALL_SYNTHETIC__,synthetic,prior_3_5_with_killer,llambo_style,2,69,3.2550,4.8986,2.5487,0.8696,14.3421,0.1715,0
__ALL_SYNTHETIC__,synthetic,prior_3_5_with_killer,llambo_style,3,66,3.8816,5.6045,2.9802,0.8333,13.9489,0.1886,0
__ALL_SYNTHETIC__,synthetic,prior_3_5_with_killer,llambo_style,4,63,4.2441,6.1644,3.3372,0.7302,13.4606,0.2178,0
__ALL_SYNTHETIC__,synthetic,prior_3_5_with_killer,llambo_style,5,60,4.3724,6.7236,3.5149,0.7833,12.9602,0.2444,0
__ALL_SYNTHETIC__,synthetic,prior_3_5_with_killer,llambo_style,6,57,4.2592,5.8237,3.3262,0.7544,12.4583,0.2524,0
__ALL_SYNTHETIC__,synthetic,prior_7_8_no_killer,llambo_style,1,72,3.0239,4.6146,2.3581,0.8611,11.4856,0.1512,0
__ALL_SYNTHETIC__,synthetic,prior_7_8_no_killer,llambo_style,2,69,3.7554,5.4985,2.9524,0.7536,11.7258,0.2230,0
__ALL_SYNTHETIC__,synthetic,prior_7_8_no_killer,llambo_style,3,66,4.5082,6.4485,3.5994,0.7424,11.3153,0.2626,0
__ALL_SYNTHETIC__,synthetic,prior_7_8_no_killer,llambo_style,4,63,4.9963,7.1514,4.0828,0.6508,10.8249,0.2813,0
__ALL_SYNTHETIC__,synthetic,prior_7_8_no_killer,llambo_style,5,60,5.2475,7.7730,4.3619,0.6667,10.3243,0.3019,0
__ALL_SYNTHETIC__,synthetic,prior_7_8_no_killer,llambo_style,6,57,5.1067,6.9364,4.2037,0.6316,9.8224,0.3304,0
__ALL_SYNTHETIC__,synthetic,prior_7_8_with_killer,gp_surrogate,1,72,4.0254,5.2094,2.8533,0.8333,14.3555,0.2716,0
__ALL_SYNTHETIC__,synthetic,prior_7_8_with_killer,gp_surrogate,2,69,6.8845,8.0142,4.8587,0.7826,22.4149,0.3663,0
__ALL_SYNTHETIC__,synthetic,prior_7_8_with_killer,gp_surrogate,3,66,11.7682,12.6454,8.3617,0.6667,30.7556,0.4293,0
__ALL_SYNTHETIC__,synthetic,prior_7_8_with_killer,gp_surrogate,4,63,17.0328,17.6229,12.3844,0.5556,37.0547,0.4665,0
__ALL_SYNTHETIC__,synthetic,prior_7_8_with_killer,gp_surrogate,5,60,21.7720,22.1999,16.3820,0.4000,40.6406,0.4796,0
__ALL_SYNTHETIC__,synthetic,prior_7_8_with_killer,gp_surrogate,6,57,26.0381,26.2422,20.3183,0.2982,41.6755,0.5000,0
__ALL_SYNTHETIC__,synthetic,prior_7_8_with_killer,linear_trend,1,72,4.2125,5.1892,3.1418,0.6667,10.7314,0.0941,0
__ALL_SYNTHETIC__,synthetic,prior_7_8_with_killer,linear_trend,2,69,4.7507,5.7197,3.4605,0.7536,14.3836,0.0668,0
__ALL_SYNTHETIC__,synthetic,prior_7_8_with_killer,linear_trend,3,66,5.2486,6.2879,3.8672,0.8030,16.9355,0.0704,0
__ALL_SYNTHETIC__,synthetic,prior_7_8_with_killer,linear_trend,4,63,5.9344,6.9096,4.3327,0.8095,18.8455,0.0616,0
__ALL_SYNTHETIC__,synthetic,prior_7_8_with_killer,linear_trend,5,60,6.7233,7.5782,4.8483,0.8500,20.4123,0.0704,0
__ALL_SYNTHETIC__,synthetic,prior_7_8_with_killer,linear_trend,6,57,7.1220,8.0399,5.1616,0.8947,21.7193,0.0770,0
__ALL_SYNTHETIC__,synthetic,prior_7_8_with_killer,llambo_style,1,72,2.8122,4.3836,2.1985,0.8750,11.4856,0.1173,0
__ALL_SYNTHETIC__,synthetic,prior_7_8_with_killer,llambo_style,2,69,3.2550,4.8986,2.5607,0.8116,11.7258,0.1860,0
__ALL_SYNTHETIC__,synthetic,prior_7_8_with_killer,llambo_style,3,66,3.8816,5.6045,3.0284,0.7727,11.3153,0.2071,0
__ALL_SYNTHETIC__,synthetic,prior_7_8_with_killer,llambo_style,4,63,4.2441,6.1644,3.4068,0.7143,10.8249,0.2319,0
__ALL_SYNTHETIC__,synthetic,prior_7_8_with_killer,llambo_style,5,60,4.3724,6.7236,3.5880,0.6833,10.3243,0.2556,0
__ALL_SYNTHETIC__,synthetic,prior_7_8_with_killer,llambo_style,6,57,4.2592,5.8237,3.4163,0.6491,9.8224,0.2641,0
__ALL_SYNTHETIC__,synthetic,prior_7_8_with_killer,logistic_scurve,1,72,3.2836,3.9620,2.3097,0.8889,13.9070,0.1775,0
__ALL_SYNTHETIC__,synthetic,prior_7_8_with_killer,logistic_scurve,2,69,3.6807,4.3893,2.6329,0.8551,15.4689,0.2053,0
__ALL_SYNTHETIC__,synthetic,prior_7_8_with_killer,logistic_scurve,3,66,4.1639,4.9517,3.0322,0.8333,16.8172,0.2290,0
__ALL_SYNTHETIC__,synthetic,prior_7_8_with_killer,logistic_scurve,4,63,4.8431,5.7329,3.5650,0.8095,17.9952,0.2372,0
__ALL_SYNTHETIC__,synthetic,prior_7_8_with_killer,logistic_scurve,5,60,5.4667,6.5714,4.1610,0.7833,19.0009,0.2426,0
__ALL_SYNTHETIC__,synthetic,prior_7_8_with_killer,logistic_scurve,6,57,5.9144,7.1699,4.5518,0.7368,19.8792,0.2719,0
__ALL_SYNTHETIC__,synthetic,prior_7_8_with_killer,persistence,1,72,3.2768,4.5703,2.4378,0.7500,14.8271,0.2284,0
__ALL_SYNTHETIC__,synthetic,prior_7_8_with_killer,persistence,2,69,4.4696,5.7707,3.4399,0.7536,20.5367,0.2617,0
__ALL_SYNTHETIC__,synthetic,prior_7_8_with_killer,persistence,3,66,6.4449,7.6957,4.7908,0.7576,24.9122,0.2980,0
__ALL_SYNTHETIC__,synthetic,prior_7_8_with_killer,persistence,4,63,8.1936,9.6927,6.1670,0.7302,28.4526,0.3289,0
__ALL_SYNTHETIC__,synthetic,prior_7_8_with_killer,persistence,5,60,10.0225,11.6085,7.5830,0.7500,31.5600,0.3519,0
__ALL_SYNTHETIC__,synthetic,prior_7_8_with_killer,persistence,6,57,12.2004,13.9469,9.2767,0.7193,34.2105,0.3713,0
__ALL_SYNTHETIC__,synthetic,prior_10_12_with_killer,llambo_style,all,387,3.6968,5.6310,3.0975,0.7106,9.5640,0.1520,0
__ALL_SYNTHETIC__,synthetic,prior_3_5_with_killer,llambo_style,all,387,3.7616,5.6036,2.9519,0.8140,13.5679,0.1934,0
__ALL_SYNTHETIC__,synthetic,prior_7_8_no_killer,llambo_style,all,387,4.3801,6.4205,3.5390,0.7235,10.9668,0.2539,0
__ALL_SYNTHETIC__,synthetic,prior_7_8_with_killer,gp_surrogate,all,387,13.9667,16.4975,10.3717,0.6047,30.3836,0.4130,0
__ALL_SYNTHETIC__,synthetic,prior_7_8_with_killer,linear_trend,all,387,5.5833,6.6168,4.0783,0.7907,16.8808,0.0705,0
__ALL_SYNTHETIC__,synthetic,prior_7_8_with_killer,llambo_style,all,387,3.7616,5.6036,2.9961,0.7571,10.9668,0.2066,0
__ALL_SYNTHETIC__,synthetic,prior_7_8_with_killer,logistic_scurve,all,387,4.4844,5.4913,3.3122,0.8217,17.0167,0.2249,0
__ALL_SYNTHETIC__,synthetic,prior_7_8_with_killer,persistence,all,387,7.1904,9.2065,5.4298,0.7442,25.2323,0.3028,0
